"season","posteam","full_name","offense_players","years_exp","pass_snaps","rec_yards_total","targets_total","receiving_epa_total","yards_per_pass_snap","targets_per_pass_snap","rec_epa_per_pass_snap","name_season","position","team"
2022,"ARI","A.J. Green","00-0027942",12,323,236,47,-18.07,0.73,0.15,-0.06,"A.J. Green 2022","WR","ARI"
2022,"ARI","Andre Baccellia","00-0035876",3,67,45,10,1.43,0.67,0.15,0.02,"Andre Baccellia 2022","WR","ARI"
2022,"ARI","Andy Isabella","00-0035527",4,41,21,5,0.35,0.51,0.12,0.01,"Andy Isabella 2022","WR","BAL"
2022,"ARI","Corey Clement","00-0033725",6,41,54,7,2.6,1.32,0.17,0.06,"Corey Clement 2022","RB","ARI"
2022,"ARI","Darrel Williams","00-0034301",5,61,9,8,-5.26,0.15,0.13,-0.09,"Darrel Williams 2022","RB","ARI"
2022,"ARI","DeAndre Hopkins","00-0030564",10,313,717,96,8.67,2.29,0.31,0.03,"DeAndre Hopkins 2022","WR","ARI"
2022,"ARI","Eno Benjamin","00-0036383",3,172,184,33,4.19,1.07,0.19,0.02,"Eno Benjamin 2022","RB","NO"
2022,"ARI","Greg Dortch","00-0035500",4,315,467,64,12.06,1.48,0.2,0.04,"Greg Dortch 2022","WR","ARI"
2022,"ARI","James Conner","00-0033553",6,365,300,58,-6.05,0.82,0.16,-0.02,"James Conner 2022","RB","ARI"
2022,"ARI","Keaontay Ingram","00-0037299",1,54,21,5,-3.22,0.39,0.09,-0.06,"Keaontay Ingram 2022","RB","ARI"
2022,"ARI","Marquise Brown","00-0035662",4,439,709,107,-3.33,1.62,0.24,-0.01,"Marquise Brown 2022","WR","ARI"
2022,"ARI","Maxx Williams","00-0031558",8,59,18,3,0.73,0.31,0.05,0.01,"Maxx Williams 2022","TE","ARI"
2022,"ARI","Pharoh Cooper","00-0033111",7,11,6,2,-0.78,0.55,0.18,-0.07,"Pharoh Cooper 2022","WR","ARI"
2022,"ARI","Robby Anderson","00-0032688",7,121,76,17,-6.34,0.63,0.14,-0.05,"Robby Anderson 2022","WR","ARI"
2022,"ARI","Rondale Moore","00-0036936",2,243,414,56,11.38,1.7,0.23,0.05,"Rondale Moore 2022","WR","ARI"
2022,"ARI","Stephen Anderson","00-0032725",7,50,9,7,-3.3,0.18,0.14,-0.07,"Stephen Anderson 2022","TE","ARI"
2022,"ARI","Trey McBride","00-0037744",1,304,265,39,7.7,0.87,0.13,0.03,"Trey McBride 2022","TE","ARI"
2022,"ARI","Zach Ertz","00-0030061",10,345,406,69,6.27,1.18,0.2,0.02,"Zach Ertz 2022","TE","ARI"
2022,"ATL","Anthony Firkser","00-0033455",6,84,100,13,2.51,1.19,0.15,0.03,"Anthony Firkser 2022","TE","ATL"
2022,"ATL","Avery Williams","00-0036950",2,70,61,14,-1.09,0.87,0.2,-0.02,"Avery Williams 2022","RB","ATL"
2022,"ATL","Caleb Huntley","00-0036829",2,30,3,2,-0.76,0.1,0.07,-0.03,"Caleb Huntley 2022","RB","ATL"
2022,"ATL","Cordarrelle Patterson","00-0030578",10,163,122,31,-18.14,0.75,0.19,-0.11,"Cordarrelle Patterson 2022","RB","ATL"
2022,"ATL","Damiere Byrd","00-0031868",8,140,268,23,7.56,1.91,0.16,0.05,"Damiere Byrd 2022","WR","ATL"
2022,"ATL","Drake London","00-0037238",1,352,866,117,11.74,2.46,0.33,0.03,"Drake London 2022","WR","ATL"
2022,"ATL","Feleipe Franks","00-0036825",2,17,0,2,-1.09,0,0.12,-0.06,"Feleipe Franks 2022","TE","ATL"
2022,"ATL","Frank Darby","00-0036951",2,17,15,1,1.27,0.88,0.06,0.07,"Frank Darby 2022","WR","ATL"
2022,"ATL","Keith Smith","00-0030968",9,61,8,2,-1.61,0.13,0.03,-0.03,"Keith Smith 2022","RB","ATL"
2022,"ATL","KhaDarel Hodge","00-0034854",5,72,202,20,12.51,2.81,0.28,0.17,"KhaDarel Hodge 2022","WR","ATL"
2022,"ATL","Kyle Pitts","00-0036970",2,188,356,59,3.38,1.89,0.31,0.02,"Kyle Pitts 2022","TE","ATL"
2022,"ATL","MyCole Pruitt","00-0031585",8,108,150,21,8.15,1.39,0.19,0.08,"MyCole Pruitt 2022","TE","ATL"
2022,"ATL","Olamide Zaccheaus","00-0035208",4,304,533,61,23.68,1.75,0.2,0.08,"Olamide Zaccheaus 2022","WR","ATL"
2022,"ATL","Parker Hesse","00-0035572",4,205,89,11,8.57,0.43,0.05,0.04,"Parker Hesse 2022","TE","ATL"
2022,"ATL","Tyler Allgeier","00-0037263",1,197,139,17,7.13,0.71,0.09,0.04,"Tyler Allgeier 2022","RB","ATL"
2022,"BAL","Charlie Kolar","00-0038046",1,22,49,6,2.57,2.23,0.27,0.12,"Charlie Kolar 2022","TE","BAL"
2022,"BAL","DeSean Jackson","00-0026189",15,60,153,17,1.63,2.55,0.28,0.03,"DeSean Jackson 2022","WR","BAL"
2022,"BAL","Demarcus Robinson","00-0032775",7,311,458,75,3.6,1.47,0.24,0.01,"Demarcus Robinson 2022","WR","BAL"
2022,"BAL","Devin Duvernay","00-0036331",3,298,407,49,19.67,1.37,0.16,0.07,"Devin Duvernay 2022","WR","BAL"
2022,"BAL","Gus Edwards","00-0034184",5,33,0,2,-1.01,0,0.06,-0.03,"Gus Edwards 2022","RB","BAL"
2022,"BAL","Isaiah Likely","00-0037838",1,237,373,60,-5.35,1.57,0.25,-0.02,"Isaiah Likely 2022","TE","BAL"
2022,"BAL","J.K. Dobbins","00-0036158",3,80,42,8,0.12,0.52,0.1,0,"J.K. Dobbins 2022","RB","BAL"
2022,"BAL","James Proche","00-0036133",3,113,62,17,-9.63,0.55,0.15,-0.09,"James Proche 2022","WR","BAL"
2022,"BAL","Josh Oliver","00-0035249",4,155,149,25,4.89,0.96,0.16,0.03,"Josh Oliver 2022","TE","BAL"
2022,"BAL","Justice Hill","00-0034975",4,139,58,12,2.08,0.42,0.09,0.01,"Justice Hill 2022","RB","BAL"
2022,"BAL","Kenyan Drake","00-0033118",7,170,89,26,-5.92,0.52,0.15,-0.03,"Kenyan Drake 2022","RB","BAL"
2022,"BAL","Mark Andrews","00-0034753",5,367,847,113,24.14,2.31,0.31,0.07,"Mark Andrews 2022","TE","BAL"
2022,"BAL","Nick Boyle","00-0031598",8,7,NA,NA,NA,NA,NA,NA,"Nick Boyle 2022","TE","BAL"
2022,"BAL","Patrick Ricard","00-0033376",6,225,74,13,-4.76,0.33,0.06,-0.02,"Patrick Ricard 2022","RB","BAL"
2022,"BAL","Rashod Bateman","00-0036550",2,102,285,28,2.65,2.79,0.27,0.03,"Rashod Bateman 2022","WR","BAL"
2022,"BAL","Sammy Watkins","00-0031325",9,40,119,5,3.7,2.98,0.12,0.09,"Sammy Watkins 2022","WR","BAL"
2022,"BAL","Tylan Wallace","00-0036630",2,40,33,7,-2.95,0.82,0.17,-0.07,"Tylan Wallace 2022","WR","BAL"
2022,"BUF","Cole Beasley","00-0029000",11,8,18,2,0.88,2.25,0.25,0.11,"Cole Beasley 2022","WR","BUF"
2022,"BUF","Dawson Knox","00-0035689",4,436,517,65,20.46,1.19,0.15,0.05,"Dawson Knox 2022","TE","BUF"
2022,"BUF","Devin Singletary","00-0035250",4,376,280,52,6.94,0.74,0.14,0.02,"Devin Singletary 2022","RB","BUF"
2022,"BUF","Gabriel Davis","00-0036196",3,497,836,93,14.69,1.68,0.19,0.03,"Gabriel Davis 2022","WR","BUF"
2022,"BUF","Isaiah Hodgins","00-0036165",3,10,41,6,0.36,4.1,0.6,0.04,"Isaiah Hodgins 2022","WR","NYG"
2022,"BUF","Isaiah McKenzie","00-0033466",6,327,423,65,11.36,1.29,0.2,0.03,"Isaiah McKenzie 2022","WR","BUF"
2022,"BUF","Jake Kumerow","00-0031787",8,49,64,7,2.84,1.31,0.14,0.06,"Jake Kumerow 2022","WR","BUF"
2022,"BUF","James Cook","00-0037248",1,126,180,32,3.87,1.43,0.25,0.03,"James Cook 2022","RB","BUF"
2022,"BUF","Jamison Crowder","00-0031941",8,63,60,13,-1.1,0.95,0.21,-0.02,"Jamison Crowder 2022","WR","BUF"
2022,"BUF","John Brown","00-0031051",9,10,42,2,3.66,4.2,0.2,0.37,"John Brown 2022","WR","BUF"
2022,"BUF","Khalil Shakir","00-0037261",1,123,161,20,6.69,1.31,0.16,0.05,"Khalil Shakir 2022","WR","BUF"
2022,"BUF","Nyheim Hines","00-0034367",5,30,53,9,5.27,1.77,0.3,0.18,"Nyheim Hines 2022","RB","BUF"
2022,"BUF","Quintin Morris","00-0036590",2,141,84,11,-0.16,0.6,0.08,0,"Quintin Morris 2022","TE","BUF"
2022,"BUF","Reggie Gilliam","00-0036187",3,75,69,10,3.93,0.92,0.13,0.05,"Reggie Gilliam 2022","RB","BUF"
2022,"BUF","Stefon Diggs","00-0031588",8,493,1429,154,75.1,2.9,0.31,0.15,"Stefon Diggs 2022","WR","BUF"
2022,"BUF","Tanner Gentry","00-0033633",6,9,0,1,-0.79,0,0.11,-0.09,"Tanner Gentry 2022","WR","BUF"
2022,"BUF","Tommy Sweeney","00-0035308",4,24,7,1,0.8,0.29,0.04,0.03,"Tommy Sweeney 2022","TE","BUF"
2022,"BUF","Zack Moss","00-0036251",3,49,27,8,-3.67,0.55,0.16,-0.07,"Zack Moss 2022","RB","IND"
2022,"CAR","Christian McCaffrey","00-0033280",6,153,277,43,-2.97,1.81,0.28,-0.02,"Christian McCaffrey 2022","RB","SF"
2022,"CAR","Chuba Hubbard","00-0036555",2,125,171,17,1.77,1.37,0.14,0.01,"Chuba Hubbard 2022","RB","CAR"
2022,"CAR","D'Onta Foreman","00-0033925",6,111,26,9,-10.93,0.23,0.08,-0.1,"D'Onta Foreman 2022","RB","CAR"
2022,"CAR","D.J. Moore","00-0034827",5,443,888,118,17.15,2,0.27,0.04,"D.J. Moore 2022","WR","CAR"
2022,"CAR","Giovanni Ricci","00-0035956",3,72,100,9,3.74,1.39,0.12,0.05,"Giovanni Ricci 2022","TE","CAR"
2022,"CAR","Ian Thomas","00-0034365",5,202,197,30,4.01,0.98,0.15,0.02,"Ian Thomas 2022","TE","CAR"
2022,"CAR","Laviska Shenault","00-0036268",3,83,272,32,10.33,3.28,0.39,0.12,"Laviska Shenault 2022","WR","CAR"
2022,"CAR","Raheem Blackshear","00-0037429",1,43,93,12,0.92,2.16,0.28,0.02,"Raheem Blackshear 2022","RB","CAR"
2022,"CAR","Rashard Higgins","00-0032977",7,6,NA,NA,NA,NA,NA,NA,"Rashard Higgins 2022","WR","CAR"
2022,"CAR","Robby Anderson","00-0032688",7,156,206,27,-0.8,1.32,0.17,-0.01,"Robby Anderson 2022","WR","ARI"
2022,"CAR","Shi Smith","00-0036572",2,277,296,41,-8.39,1.07,0.15,-0.03,"Shi Smith 2022","WR","CAR"
2022,"CAR","Spencer Brown","00-0036543",2,21,10,4,-2.39,0.48,0.19,-0.11,"Spencer Brown 2022","RB","CAR"
2022,"CAR","Stephen Sullivan","00-0036438",3,63,46,6,-2.46,0.73,0.1,-0.04,"Stephen Sullivan 2022","TE","CAR"
2022,"CAR","Terrace Marshall","00-0036955",2,279,490,47,21.4,1.76,0.17,0.08,"Terrace Marshall 2022","WR","CAR"
2022,"CAR","Tommy Tremble","00-0037005",2,222,174,32,-1.67,0.78,0.14,-0.01,"Tommy Tremble 2022","TE","CAR"
2022,"CHI","Byron Pringle","00-0034297",5,114,135,16,8.89,1.18,0.14,0.08,"Byron Pringle 2022","WR","CHI"
2022,"CHI","Chase Claypool","00-0036326",3,102,140,29,-11.51,1.37,0.28,-0.11,"Chase Claypool 2022","WR","CHI"
2022,"CHI","Cole Kmet","00-0036290",3,362,544,69,12.18,1.5,0.19,0.03,"Cole Kmet 2022","TE","CHI"
2022,"CHI","Dante Pettis","00-0034860",5,223,245,41,-15.37,1.1,0.18,-0.07,"Dante Pettis 2022","WR","CHI"
2022,"CHI","Darnell Mooney","00-0036309",3,223,493,61,15.45,2.21,0.27,0.07,"Darnell Mooney 2022","WR","CHI"
2022,"CHI","Darrynton Evans","00-0036297",3,29,33,1,2.58,1.14,0.03,0.09,"Darrynton Evans 2022","RB","CHI"
2022,"CHI","David Montgomery","00-0035685",4,241,316,40,6.72,1.31,0.17,0.03,"David Montgomery 2022","RB","CHI"
2022,"CHI","Equanimeous St. Brown","00-0034279",5,216,325,39,2.94,1.5,0.18,0.01,"Equanimeous St. Brown 2022","WR","CHI"
2022,"CHI","Ihmir Smith-Marsette","00-0036635",2,20,15,4,-8.03,0.75,0.2,-0.4,"Ihmir Smith-Marsette 2022","WR","KC"
2022,"CHI","Khalil Herbert","00-0036906",2,93,57,12,-0.86,0.61,0.13,-0.01,"Khalil Herbert 2022","RB","CHI"
2022,"CHI","Khari Blasingame","00-0035099",4,37,0,1,-0.56,0,0.03,-0.02,"Khari Blasingame 2022","RB","CHI"
2022,"CHI","N'Keal Harry","00-0035624",4,62,116,9,8.58,1.87,0.15,0.14,"N'Keal Harry 2022","WR","CHI"
2022,"CHI","Ryan Griffin","00-0030108",10,45,26,8,-7.94,0.58,0.18,-0.18,"Ryan Griffin 2022","TE","CHI"
2022,"CHI","Trestan Ebner","00-0037087",1,31,6,7,-4.02,0.19,0.23,-0.13,"Trestan Ebner 2022","RB","CHI"
2022,"CHI","Trevon Wesco","00-0035259",4,44,26,4,-0.33,0.59,0.09,-0.01,"Trevon Wesco 2022","TE","CHI"
2022,"CHI","Velus Jones","00-0037745",1,53,107,14,-1.5,2.02,0.26,-0.03,"Velus Jones 2022","WR","CHI"
2022,"CIN","Chris Evans","00-0036857",2,15,38,4,2.31,2.53,0.27,0.15,"Chris Evans 2022","RB","CIN"
2022,"CIN","Devin Asiasi","00-0036194",3,51,5,4,-1.46,0.1,0.08,-0.03,"Devin Asiasi 2022","TE","CIN"
2022,"CIN","Drew Sample","00-0035631",4,15,-2,2,-3.02,-0.13,0.13,-0.2,"Drew Sample 2022","TE","CIN"
2022,"CIN","Hayden Hurst","00-0034830",5,356,414,68,20.73,1.16,0.19,0.06,"Hayden Hurst 2022","TE","CIN"
2022,"CIN","Ja'Marr Chase","00-0036900",2,465,1046,134,30.3,2.25,0.29,0.07,"Ja'Marr Chase 2022","WR","CIN"
2022,"CIN","Joe Mixon","00-0033897",6,323,441,75,11.33,1.37,0.23,0.04,"Joe Mixon 2022","RB","CIN"
2022,"CIN","Mike Thomas","00-0033114",7,103,38,10,-4.94,0.37,0.1,-0.05,"Mike Thomas 2022","WR","BAL"
2022,"CIN","Mitchell Wilcox","00-0035771",3,212,139,18,9.27,0.66,0.08,0.04,"Mitchell Wilcox 2022","TE","CIN"
2022,"CIN","Samaje Perine","00-0033526",6,255,287,51,6.45,1.13,0.2,0.03,"Samaje Perine 2022","RB","CIN"
2022,"CIN","Stanley Morgan","00-0035399",4,14,0,1,-3.18,0,0.07,-0.23,"Stanley Morgan 2022","WR","CIN"
2022,"CIN","Tee Higgins","00-0036410",3,483,1029,109,53.52,2.13,0.23,0.11,"Tee Higgins 2022","WR","CIN"
2022,"CIN","Trayveon Williams","00-0035291",4,17,30,3,1.59,1.76,0.18,0.09,"Trayveon Williams 2022","RB","CIN"
2022,"CIN","Trent Taylor","00-0033292",6,71,62,10,-0.34,0.87,0.14,0,"Trent Taylor 2022","WR","CIN"
2022,"CIN","Trenton Irwin","00-0035341",4,174,231,23,19.68,1.33,0.13,0.11,"Trenton Irwin 2022","WR","CIN"
2022,"CIN","Tyler Boyd","00-0033009",7,506,762,82,29.83,1.51,0.16,0.06,"Tyler Boyd 2022","WR","CIN"
2022,"CLE","Amari Cooper","00-0031544",8,487,1160,132,53.46,2.38,0.27,0.11,"Amari Cooper 2022","WR","CLE"
2022,"CLE","Anthony Schwartz","00-0036999",2,53,51,10,-7.99,0.96,0.19,-0.15,"Anthony Schwartz 2022","WR","CLE"
2022,"CLE","D'Ernest Johnson","00-0035628",4,21,7,3,-0.96,0.33,0.14,-0.05,"D'Ernest Johnson 2022","RB","CLE"
2022,"CLE","David Bell","00-0037257",1,267,214,35,-11.1,0.8,0.13,-0.04,"David Bell 2022","WR","CLE"
2022,"CLE","David Njoku","00-0033885",6,384,628,80,24.66,1.64,0.21,0.06,"David Njoku 2022","TE","CLE"
2022,"CLE","Demetric Felton","00-0036654",2,22,8,4,-1.46,0.36,0.18,-0.07,"Demetric Felton 2022","RB","CLE"
2022,"CLE","Donovan Peoples-Jones","00-0036233",3,492,839,96,18.41,1.71,0.2,0.04,"Donovan Peoples-Jones 2022","WR","CLE"
2022,"CLE","Harrison Bryant","00-0036232",3,246,239,42,3.83,0.97,0.17,0.02,"Harrison Bryant 2022","TE","CLE"
2022,"CLE","Jesse James","00-0032135",8,7,NA,NA,NA,NA,NA,NA,"Jesse James 2022","TE","CLE"
2022,"CLE","Kareem Hunt","00-0033923",6,265,210,44,-2.47,0.79,0.17,-0.01,"Kareem Hunt 2022","RB","CLE"
2022,"CLE","Mike Woods","00-0037300",1,73,45,10,-7.74,0.62,0.14,-0.11,"Mike Woods 2022","WR","CLE"
2022,"CLE","Miller Forristall","00-0036692",2,9,0,1,-0.51,0,0.11,-0.06,"Miller Forristall 2022","TE","CLE"
2022,"CLE","Nick Chubb","00-0034791",5,261,239,37,7.96,0.92,0.14,0.03,"Nick Chubb 2022","RB","CLE"
2022,"CLE","Pharaoh Brown","00-0033439",6,63,45,10,-3.12,0.71,0.16,-0.05,"Pharaoh Brown 2022","TE","CLE"
2022,"DAL","CeeDee Lamb","00-0036358",3,528,1359,156,61.8,2.57,0.3,0.12,"CeeDee Lamb 2022","WR","DAL"
2022,"DAL","Dalton Schultz","00-0034383",5,420,577,89,-0.34,1.37,0.21,0,"Dalton Schultz 2022","TE","DAL"
2022,"DAL","Dennis Houston","00-0037570",1,44,16,6,-5.05,0.36,0.14,-0.11,"Dennis Houston 2022","WR","DAL"
2022,"DAL","Ezekiel Elliott","00-0033045",7,260,92,23,-3.68,0.35,0.09,-0.01,"Ezekiel Elliott 2022","RB","DAL"
2022,"DAL","Jake Ferguson","00-0038041",1,140,174,22,7.89,1.24,0.16,0.06,"Jake Ferguson 2022","TE","DAL"
2022,"DAL","Jalen Tolbert","00-0037666",1,40,12,3,-0.69,0.3,0.07,-0.02,"Jalen Tolbert 2022","WR","DAL"
2022,"DAL","James Washington","00-0034676",5,7,0,1,-0.32,0,0.14,-0.05,"James Washington 2022","WR","NYG"
2022,"DAL","Kavontae Turpin","00-0037801",4,22,9,2,-1.64,0.41,0.09,-0.07,"Kavontae Turpin 2022","WR","DAL"
2022,"DAL","Malik Davis","00-0037563",1,31,63,7,6.79,2.03,0.23,0.22,"Malik Davis 2022","RB","DAL"
2022,"DAL","Michael Gallup","00-0034764",5,392,424,74,-0.48,1.08,0.19,0,"Michael Gallup 2022","WR","DAL"
2022,"DAL","Noah Brown","00-0033591",6,428,555,74,-2.58,1.3,0.17,-0.01,"Noah Brown 2022","WR","DAL"
2022,"DAL","Peyton Hendershot","00-0037569",1,112,103,16,-3.18,0.92,0.14,-0.03,"Peyton Hendershot 2022","TE","DAL"
2022,"DAL","Sean McKeon","00-0036032",3,24,11,3,0.15,0.46,0.12,0.01,"Sean McKeon 2022","TE","DAL"
2022,"DAL","Simi Fehoko","00-0036646",2,22,24,4,-1.15,1.09,0.18,-0.05,"Simi Fehoko 2022","WR","DAL"
2022,"DAL","T.Y. Hilton","00-0029608",11,31,121,10,10.08,3.9,0.32,0.33,"T.Y. Hilton 2022","WR","DAL"
2022,"DAL","Tony Pollard","00-0035261",4,272,371,55,6.24,1.36,0.2,0.02,"Tony Pollard 2022","RB","DAL"
2022,"DEN","Albert Okwuegbunam","00-0036423",3,124,95,18,-2.29,0.77,0.15,-0.02,"Albert Okwuegbunam 2022","TE","DEN"
2022,"DEN","Andrew Beck","00-0034959",4,52,69,11,-4.78,1.33,0.21,-0.09,"Andrew Beck 2022","TE","DEN"
2022,"DEN","Brandon Johnson","00-0037382",1,109,42,14,-12.88,0.39,0.13,-0.12,"Brandon Johnson 2022","WR","DEN"
2022,"DEN","Chase Edmonds","00-0034681",5,55,61,7,2.6,1.11,0.13,0.05,"Chase Edmonds 2022","RB","DEN"
2022,"DEN","Courtland Sutton","00-0034348",5,464,829,109,23.83,1.79,0.23,0.05,"Courtland Sutton 2022","WR","DEN"
2022,"DEN","Eric Saubert","00-0033576",6,173,148,24,-2.88,0.86,0.14,-0.02,"Eric Saubert 2022","TE","DEN"
2022,"DEN","Eric Tomlinson","00-0031690",8,136,79,13,7.26,0.58,0.1,0.05,"Eric Tomlinson 2022","TE","DEN"
2022,"DEN","Freddie Swain","00-0036247",3,53,74,6,-3.9,1.4,0.11,-0.07,"Freddie Swain 2022","WR","DEN"
2022,"DEN","Greg Dulcich","00-0037252",1,279,411,55,0.47,1.47,0.2,0,"Greg Dulcich 2022","TE","DEN"
2022,"DEN","Jalen Virgil","00-0037387",1,35,75,5,5.61,2.14,0.14,0.16,"Jalen Virgil 2022","WR","DEN"
2022,"DEN","Javonte Williams","00-0036997",2,74,76,22,-5.46,1.03,0.3,-0.07,"Javonte Williams 2022","RB","DEN"
2022,"DEN","Jerry Jeudy","00-0036407",3,389,972,100,47.38,2.5,0.26,0.12,"Jerry Jeudy 2022","WR","DEN"
2022,"DEN","K.J. Hamler","00-0036412",3,135,165,14,-0.51,1.22,0.1,0,"K.J. Hamler 2022","WR","DEN"
2022,"DEN","Kendall Hinton","00-0035864",3,242,311,33,16.51,1.29,0.14,0.07,"Kendall Hinton 2022","WR","DEN"
2022,"DEN","Latavius Murray","00-0030513",10,189,124,34,-9.5,0.66,0.18,-0.05,"Latavius Murray 2022","RB","DEN"
2022,"DEN","Marlon Mack","00-0033951",6,39,99,10,3.45,2.54,0.26,0.09,"Marlon Mack 2022","RB","DEN"
2022,"DEN","Melvin Gordon","00-0032144",8,148,223,32,1,1.51,0.22,0.01,"Melvin Gordon 2022","RB","KC"
2022,"DEN","Mike Boone","00-0034208",5,73,96,15,-7.15,1.32,0.21,-0.1,"Mike Boone 2022","RB","DEN"
2022,"DEN","Montrell Washington","00-0037272",1,40,2,9,-7.78,0.05,0.22,-0.19,"Montrell Washington 2022","WR","DEN"
2022,"DEN","Tyrie Cleveland","00-0036439",3,72,28,7,-4.33,0.39,0.1,-0.06,"Tyrie Cleveland 2022","WR","DEN"
2022,"DEN","Tyrie Cleveland","00-0036439",3,72,28,7,-4.33,0.39,0.1,-0.06,"Tyrie Cleveland 2022","WR","PHI"
2022,"DET","Amon-Ra St. Brown","00-0036963",2,456,1161,146,57.19,2.55,0.32,0.13,"Amon-Ra St. Brown 2022","WR","DET"
2022,"DET","Brock Wright","00-0036754",2,231,216,24,16.81,0.94,0.1,0.07,"Brock Wright 2022","TE","DET"
2022,"DET","Craig Reynolds","00-0035567",4,65,116,10,6,1.78,0.15,0.09,"Craig Reynolds 2022","RB","DET"
2022,"DET","D'Andre Swift","00-0036275",3,248,389,70,8.1,1.57,0.28,0.03,"D'Andre Swift 2022","RB","DET"
2022,"DET","D.J. Chark","00-0034777",5,321,502,52,21.15,1.56,0.16,0.07,"D.J. Chark 2022","WR","DET"
2022,"DET","Jamaal Williams","00-0033948",6,165,73,16,-1.97,0.44,0.1,-0.01,"Jamaal Williams 2022","RB","DET"
2022,"DET","James Mitchell","00-0037282",1,81,113,11,10.01,1.4,0.14,0.12,"James Mitchell 2022","TE","DET"
2022,"DET","Jameson Williams","00-0037240",1,36,41,9,-1.35,1.14,0.25,-0.04,"Jameson Williams 2022","WR","DET"
2022,"DET","Jason Cabinda","00-0034171",5,37,5,4,-1.17,0.14,0.11,-0.03,"Jason Cabinda 2022","RB","DET"
2022,"DET","Josh Reynolds","00-0033943",6,361,479,59,11.6,1.33,0.16,0.03,"Josh Reynolds 2022","WR","DET"
2022,"DET","Justin Jackson","00-0034440",5,114,101,19,3.82,0.89,0.17,0.03,"Justin Jackson 2022","RB","DET"
2022,"DET","Kalif Raymond","00-0032464",7,298,616,64,21.02,2.07,0.21,0.07,"Kalif Raymond 2022","WR","DET"
2022,"DET","Quintez Cephus","00-0036277",3,21,15,3,2.97,0.71,0.14,0.14,"Quintez Cephus 2022","WR","DET"
2022,"DET","Shane Zylstra","00-0036534",2,127,60,15,3.44,0.47,0.12,0.03,"Shane Zylstra 2022","TE","DET"
2022,"DET","T.J. Hockenson","00-0035229",4,221,395,43,-1.83,1.79,0.19,-0.01,"T.J. Hockenson 2022","TE","MIN"
2022,"DET","Tom Kennedy","00-0035544",4,116,141,15,7.93,1.22,0.13,0.07,"Tom Kennedy 2022","WR","DET"
2022,"GB","A.J. Dillon","00-0036265",3,273,206,43,-5.83,0.75,0.16,-0.02,"A.J. Dillon 2022","RB","GB"
2022,"GB","Aaron Jones","00-0033293",6,326,395,72,-3.32,1.21,0.22,-0.01,"Aaron Jones 2022","RB","GB"
2022,"GB","Allen Lazard","00-0034521",5,455,788,100,12.26,1.73,0.22,0.03,"Allen Lazard 2022","WR","GB"
2022,"GB","Amari Rodgers","00-0036991",2,52,50,8,-3.78,0.96,0.15,-0.07,"Amari Rodgers 2022","WR","HOU"
2022,"GB","Christian Watson","00-0038124",1,245,611,66,30.71,2.49,0.27,0.13,"Christian Watson 2022","WR","GB"
2022,"GB","Josiah Deguara","00-0036332",3,112,114,15,3.47,1.02,0.13,0.03,"Josiah Deguara 2022","TE","GB"
2022,"GB","Juwann Winfree","00-0035593",4,25,17,4,-1,0.68,0.16,-0.04,"Juwann Winfree 2022","WR","GB"
2022,"GB","Marcedes Lewis","00-0024243",17,173,66,7,6.97,0.38,0.04,0.04,"Marcedes Lewis 2022","TE","GB"
2022,"GB","Patrick Taylor","00-0035973",3,13,17,1,2.62,1.31,0.08,0.2,"Patrick Taylor 2022","RB","GB"
2022,"GB","Randall Cobb","00-0028002",12,228,417,50,22.56,1.83,0.22,0.1,"Randall Cobb 2022","WR","GB"
2022,"GB","Robert Tonyan","00-0033757",6,344,470,67,3.86,1.37,0.19,0.01,"Robert Tonyan 2022","TE","GB"
2022,"GB","Romeo Doubs","00-0037816",1,288,425,67,-2.38,1.48,0.23,-0.01,"Romeo Doubs 2022","WR","GB"
2022,"GB","Sammy Watkins","00-0031325",9,144,206,22,6.51,1.43,0.15,0.05,"Sammy Watkins 2022","WR","BAL"
2022,"GB","Samori Toure","00-0037098",1,74,82,10,3.21,1.11,0.14,0.04,"Samori Toure 2022","WR","GB"
2022,"GB","Tyler Davis","00-0036250",3,62,26,7,-6.45,0.42,0.11,-0.1,"Tyler Davis 2022","TE","GB"
2022,"HOU","Amari Rodgers","00-0036991",2,102,154,17,8.48,1.51,0.17,0.08,"Amari Rodgers 2022","WR","HOU"
2022,"HOU","Brandin Cooks","00-0031236",9,388,699,93,5.04,1.8,0.24,0.01,"Brandin Cooks 2022","WR","HOU"
2022,"HOU","Brevin Jordan","00-0036556",2,142,128,28,-13.69,0.9,0.2,-0.1,"Brevin Jordan 2022","TE","HOU"
2022,"HOU","Chris Conley","00-0032128",8,15,0,2,-2.07,0,0.13,-0.14,"Chris Conley 2022","WR","TEN"
2022,"HOU","Chris Moore","00-0032398",7,401,548,74,7.13,1.37,0.18,0.02,"Chris Moore 2022","WR","HOU"
2022,"HOU","Dameon Pierce","00-0037258",1,228,165,39,-8.82,0.72,0.17,-0.04,"Dameon Pierce 2022","RB","HOU"
2022,"HOU","Dare Ogunbowale","00-0033854",6,113,104,26,-12.24,0.92,0.23,-0.11,"Dare Ogunbowale 2022","RB","HOU"
2022,"HOU","Eno Benjamin","00-0036383",3,8,0,0,0,0,0,0,"Eno Benjamin 2022","RB","NO"
2022,"HOU","Jordan Akins","00-0034364",5,277,495,54,21.36,1.79,0.19,0.08,"Jordan Akins 2022","TE","HOU"
2022,"HOU","Mason Schreck","00-0033798",6,26,6,2,-0.66,0.23,0.08,-0.03,"Mason Schreck 2022","TE","HOU"
2022,"HOU","Nico Collins","00-0036554",2,263,481,66,-1.33,1.83,0.25,-0.01,"Nico Collins 2022","WR","HOU"
2022,"HOU","O.J. Howard","00-0033879",6,135,145,23,-2.04,1.07,0.17,-0.02,"O.J. Howard 2022","TE","HOU"
2022,"HOU","Pharaoh Brown","00-0033439",6,68,72,10,0.64,1.06,0.15,0.01,"Pharaoh Brown 2022","TE","CLE"
2022,"HOU","Phillip Dorsett","00-0032208",8,260,257,40,-3.71,0.99,0.15,-0.01,"Phillip Dorsett 2022","WR","HOU"
2022,"HOU","Rex Burkhead","00-0030288",10,190,204,51,-23.89,1.07,0.27,-0.13,"Rex Burkhead 2022","RB","HOU"
2022,"HOU","Royce Freeman","00-0034838",5,46,33,8,-1.47,0.72,0.17,-0.03,"Royce Freeman 2022","RB","HOU"
2022,"HOU","Teagan Quitoriano","00-0037277",1,146,113,14,2.2,0.77,0.1,0.02,"Teagan Quitoriano 2022","TE","HOU"
2022,"HOU","Troy Hairston","00-0037456",1,51,19,8,-6.18,0.37,0.16,-0.12,"Troy Hairston 2022","RB","HOU"
2022,"HOU","Tyler Johnson","00-0036427",3,14,NA,NA,NA,NA,NA,NA,"Tyler Johnson 2022","WR","TB"
2022,"HOU","Tyron Johnson","00-0035457",4,13,8,1,0.63,0.62,0.08,0.05,"Tyron Johnson 2022","WR","CIN"
2022,"IND","Alec Pierce","00-0037664",1,425,593,78,19.43,1.4,0.18,0.05,"Alec Pierce 2022","WR","IND"
2022,"IND","Ashton Dulin","00-0035021",4,105,207,22,8.3,1.97,0.21,0.08,"Ashton Dulin 2022","WR","IND"
2022,"IND","Deon Jackson","00-0036493",2,145,209,34,-8.55,1.44,0.23,-0.06,"Deon Jackson 2022","RB","IND"
2022,"IND","Dezmon Patmon","00-0036228",3,30,24,6,-7.64,0.8,0.2,-0.25,"Dezmon Patmon 2022","WR","BUF"
2022,"IND","Dezmon Patmon","00-0036228",3,30,24,6,-7.64,0.8,0.2,-0.25,"Dezmon Patmon 2022","WR","IND"
2022,"IND","Jelani Woods","00-0037755",1,184,312,40,5.27,1.7,0.22,0.03,"Jelani Woods 2022","TE","IND"
2022,"IND","Jonathan Taylor","00-0036223",3,263,143,40,-15.65,0.54,0.15,-0.06,"Jonathan Taylor 2022","RB","IND"
2022,"IND","Jordan Wilkins","00-0034400",5,20,29,8,-2.75,1.45,0.4,-0.14,"Jordan Wilkins 2022","RB","IND"
2022,"IND","Kylen Granson","00-0036876",2,213,302,40,-0.72,1.42,0.19,0,"Kylen Granson 2022","TE","IND"
2022,"IND","Michael Pittman","00-0036252",3,568,925,141,21.56,1.63,0.25,0.04,"Michael Pittman 2022","WR","IND"
2022,"IND","Mike Strachan","00-0036482",2,68,59,9,-2.67,0.87,0.13,-0.04,"Mike Strachan 2022","WR","IND"
2022,"IND","Mo Alie-Cox","00-0033217",6,278,189,28,-1.59,0.68,0.1,-0.01,"Mo Alie-Cox 2022","TE","IND"
2022,"IND","Nikola Kalinic","00-0037031",1,7,NA,NA,NA,NA,NA,NA,"Nikola Kalinic 2022","TE","IND"
2022,"IND","Nyheim Hines","00-0034367",5,93,188,28,7.08,2.02,0.3,0.08,"Nyheim Hines 2022","RB","BUF"
2022,"IND","Parris Campbell","00-0035639",4,536,623,91,-7.05,1.16,0.17,-0.01,"Parris Campbell 2022","WR","IND"
2022,"IND","Zack Moss","00-0036251",3,72,12,5,-2.74,0.17,0.07,-0.04,"Zack Moss 2022","RB","IND"
2022,"JAX","Chris Manhertz","00-0031484",8,134,42,8,-0.69,0.31,0.06,-0.01,"Chris Manhertz 2022","TE","JAX"
2022,"JAX","Christian Kirk","00-0034775",5,574,1108,133,32.93,1.93,0.23,0.06,"Christian Kirk 2022","WR","JAX"
2022,"JAX","Dan Arnold","00-0034011",6,62,135,13,5.85,2.18,0.21,0.09,"Dan Arnold 2022","TE","JAX"
2022,"JAX","Evan Engram","00-0033881",6,503,766,98,34.63,1.52,0.19,0.07,"Evan Engram 2022","TE","JAX"
2022,"JAX","Jamal Agnew","00-0033572",6,80,187,30,6.73,2.34,0.38,0.08,"Jamal Agnew 2022","WR","JAX"
2022,"JAX","James Robinson","00-0035831",3,95,46,11,1.78,0.48,0.12,0.02,"James Robinson 2022","RB","NYJ"
2022,"JAX","Jamycal Hasty","00-0035806",3,137,126,26,5.57,0.92,0.19,0.04,"Jamycal Hasty 2022","RB","JAX"
2022,"JAX","Luke Farrell","00-0036887",2,22,40,4,-0.69,1.82,0.18,-0.03,"Luke Farrell 2022","TE","JAX"
2022,"JAX","Marvin Jones","00-0029293",11,440,529,81,11.48,1.2,0.18,0.03,"Marvin Jones 2022","WR","JAX"
2022,"JAX","Snoop Conner","00-0037265",1,15,0,0,0,0,0,0,"Snoop Conner 2022","RB","JAX"
2022,"JAX","Tim Jones","00-0036497",2,53,30,4,1.19,0.57,0.08,0.02,"Tim Jones 2022","WR","JAX"
2022,"JAX","Travis Etienne","00-0036973",2,353,316,45,4.73,0.9,0.13,0.01,"Travis Etienne 2022","RB","JAX"
2022,"JAX","Zay Jones","00-0033891",6,531,823,121,40.43,1.55,0.23,0.08,"Zay Jones 2022","WR","JAX"
2022,"KC","Blake Bell","00-0032062",8,12,20,2,1.84,1.67,0.17,0.15,"Blake Bell 2022","TE","KC"
2022,"KC","Clyde Edwards-Helaire","00-0036360",3,125,151,23,10.23,1.21,0.18,0.08,"Clyde Edwards-Helaire 2022","RB","KC"
2022,"KC","Isiah Pacheco","00-0037197",1,154,130,14,5.31,0.84,0.09,0.03,"Isiah Pacheco 2022","RB","KC"
2022,"KC","Jerick McKinnon","00-0031376",9,355,512,71,22.6,1.44,0.2,0.06,"Jerick McKinnon 2022","RB","KC"
2022,"KC","Joe Fortson","00-0035547",4,96,108,13,8.23,1.12,0.14,0.09,"Joe Fortson 2022","TE","KC"
2022,"KC","JuJu Smith-Schuster","00-0033857",6,479,933,101,49.59,1.95,0.21,0.1,"JuJu Smith-Schuster 2022","WR","KC"
2022,"KC","Justin Watson","00-0034386",5,268,315,34,7.58,1.18,0.13,0.03,"Justin Watson 2022","WR","KC"
2022,"KC","Kadarius Toney","00-0036913",2,56,171,17,9.14,3.05,0.3,0.16,"Kadarius Toney 2022","WR","KC"
2022,"KC","Marquez Valdes-Scantling","00-0034272",5,500,687,81,17.3,1.37,0.16,0.03,"Marquez Valdes-Scantling 2022","WR","KC"
2022,"KC","Mecole Hardman","00-0035140",4,177,297,34,18.59,1.68,0.19,0.11,"Mecole Hardman 2022","WR","KC"
2022,"KC","Michael Burton","00-0031595",8,15,11,3,-0.26,0.73,0.2,-0.02,"Michael Burton 2022","RB","KC"
2022,"KC","Noah Gray","00-0036637",2,289,299,34,12.98,1.03,0.12,0.04,"Noah Gray 2022","TE","KC"
2022,"KC","Ronald Jones","00-0034816",5,15,22,1,1.85,1.47,0.07,0.12,"Ronald Jones 2022","RB","KC"
2022,"KC","Skyy Moore","00-0038090",1,154,250,33,5.49,1.62,0.21,0.04,"Skyy Moore 2022","WR","KC"
2022,"KC","Travis Kelce","00-0030506",10,560,1338,152,64.98,2.39,0.27,0.12,"Travis Kelce 2022","TE","KC"
2022,"LA","Allen Robinson","00-0031428",9,324,339,52,9,1.05,0.16,0.03,"Allen Robinson 2022","WR","LA"
2022,"LA","Austin Trammell","00-0036841",2,25,13,4,0.36,0.52,0.16,0.01,"Austin Trammell 2022","WR","LA"
2022,"LA","Ben Skowronek","00-0036862",2,370,376,61,-5.49,1.02,0.16,-0.01,"Ben Skowronek 2022","WR","LA"
2022,"LA","Brandon Powell","00-0034646",5,123,156,32,0.1,1.27,0.26,0,"Brandon Powell 2022","WR","LA"
2022,"LA","Brycen Hopkins","00-0036424",3,75,109,11,0.95,1.45,0.15,0.01,"Brycen Hopkins 2022","TE","LA"
2022,"LA","Cam Akers","00-0036414",3,164,117,18,4.12,0.71,0.11,0.03,"Cam Akers 2022","RB","LA"
2022,"LA","Cooper Kupp","00-0033908",6,307,812,98,16.34,2.64,0.32,0.05,"Cooper Kupp 2022","WR","LA"
2022,"LA","Kendall Blanton","00-0035603",4,11,35,2,1.95,3.18,0.18,0.18,"Kendall Blanton 2022","TE","KC"
2022,"LA","Kyren Williams","00-0037840",1,76,76,12,-1.67,1,0.16,-0.02,"Kyren Williams 2022","RB","LA"
2022,"LA","Lance McCutcheon","00-0037055",1,24,0,5,-4,0,0.21,-0.17,"Lance McCutcheon 2022","WR","LA"
2022,"LA","Malcolm Brown","00-0031806",8,57,37,6,1.22,0.65,0.11,0.02,"Malcolm Brown 2022","RB","LA"
2022,"LA","Ronnie Rivers","00-0037557",1,12,29,5,-0.32,2.42,0.42,-0.03,"Ronnie Rivers 2022","RB","LA"
2022,"LA","Tutu Atwell","00-0036849",2,150,298,35,4.05,1.99,0.23,0.03,"Tutu Atwell 2022","WR","LA"
2022,"LA","Tyler Higbee","00-0033110",7,453,620,108,4.89,1.37,0.24,0.01,"Tyler Higbee 2022","TE","LA"
2022,"LA","Van Jefferson","00-0036415",3,247,369,44,11.8,1.49,0.18,0.05,"Van Jefferson 2022","WR","LA"
2022,"LAC","Austin Ekeler","00-0033699",6,438,722,127,12.59,1.65,0.29,0.03,"Austin Ekeler 2022","RB","LAC"
2022,"LAC","DeAndre Carter","00-0031763",8,456,538,65,13.81,1.18,0.14,0.03,"DeAndre Carter 2022","WR","LAC"
2022,"LAC","Donald Parham","00-0035329",4,71,130,12,8.14,1.83,0.17,0.11,"Donald Parham 2022","TE","LAC"
2022,"LAC","Gerald Everett","00-0033895",6,441,555,87,1.25,1.26,0.2,0,"Gerald Everett 2022","TE","LAC"
2022,"LAC","Isaiah Spiller","00-0038045",1,27,13,3,-0.15,0.48,0.11,-0.01,"Isaiah Spiller 2022","RB","LAC"
2022,"LAC","Jalen Guyton","00-0035414",4,18,64,4,4.26,3.56,0.22,0.24,"Jalen Guyton 2022","WR","LAC"
2022,"LAC","Jason Moore","00-0035432",4,32,5,2,-0.74,0.16,0.06,-0.02,"Jason Moore 2022","WR","LAC"
2022,"LAC","Josh Palmer","00-0036988",2,565,769,107,22.58,1.36,0.19,0.04,"Josh Palmer 2022","WR","LAC"
2022,"LAC","Joshua Kelley","00-0036370",3,168,101,25,-5.56,0.6,0.15,-0.03,"Joshua Kelley 2022","RB","LAC"
2022,"LAC","Keenan Allen","00-0030279",10,320,752,89,27.14,2.35,0.28,0.08,"Keenan Allen 2022","WR","LAC"
2022,"LAC","Larry Rountree","00-0036650",2,6,14,2,1.55,2.33,0.33,0.26,"Larry Rountree 2022","RB","LAC"
2022,"LAC","Michael Bandy","00-0036959",2,134,89,21,-2.31,0.66,0.16,-0.02,"Michael Bandy 2022","WR","LAC"
2022,"LAC","Mike Williams","00-0033536",6,431,895,93,31.58,2.08,0.22,0.07,"Mike Williams 2022","WR","LAC"
2022,"LAC","Richard Rodgers","00-0031384",9,42,4,4,-2.89,0.1,0.1,-0.07,"Richard Rodgers 2022","TE","LAC"
2022,"LAC","Stone Smartt","00-0037475",1,41,17,5,-0.4,0.41,0.12,-0.01,"Stone Smartt 2022","TE","LAC"
2022,"LAC","Tre' McKitty","00-0037011",2,246,72,18,-5.63,0.29,0.07,-0.02,"Tre' McKitty 2022","TE","LAC"
2022,"LAC","Zander Horvath","00-0037331",1,36,8,8,-0.62,0.22,0.22,-0.02,"Zander Horvath 2022","RB","LAC"
2022,"LV","Ameer Abdullah","00-0032104",8,147,211,32,-1.78,1.44,0.22,-0.01,"Ameer Abdullah 2022","RB","LV"
2022,"LV","Brandon Bolden","00-0029239",11,54,57,9,1.02,1.06,0.17,0.02,"Brandon Bolden 2022","RB","LV"
2022,"LV","D.J. Turner","00-0036527",2,7,0,1,-0.89,0,0.14,-0.13,"D.J. Turner 2022","WR","LV"
2022,"LV","Darren Waller","00-0031610",8,221,388,43,5.85,1.76,0.19,0.03,"Darren Waller 2022","TE","LV"
2022,"LV","Davante Adams","00-0031381",9,563,1516,180,34.97,2.69,0.32,0.06,"Davante Adams 2022","WR","LV"
2022,"LV","Foster Moreau","00-0034981",4,371,420,54,8.42,1.13,0.15,0.02,"Foster Moreau 2022","TE","LV"
2022,"LV","Hunter Renfrow","00-0034983",4,266,330,50,4.04,1.24,0.19,0.02,"Hunter Renfrow 2022","WR","LV"
2022,"LV","Jakob Johnson","00-0035726",4,78,10,6,-3.58,0.13,0.08,-0.05,"Jakob Johnson 2022","RB","LV"
2022,"LV","Jesper Horsted","00-0035562",4,31,19,4,0.03,0.61,0.13,0,"Jesper Horsted 2022","TE","LV"
2022,"LV","Josh Jacobs","00-0035700",4,387,400,64,2.31,1.03,0.17,0.01,"Josh Jacobs 2022","RB","LV"
2022,"LV","Keelan Cole","00-0033681",6,230,141,21,6.32,0.61,0.09,0.03,"Keelan Cole 2022","WR","LV"
2022,"LV","Mack Hollins","00-0033555",6,553,690,94,31.43,1.25,0.17,0.06,"Mack Hollins 2022","WR","LV"
2022,"LV","Zamir White","00-0038040",1,12,0,0,0,0,0,0,"Zamir White 2022","RB","LV"
2022,"MIA","Alec Ingold","00-0035125",4,168,105,23,-1.52,0.62,0.14,-0.01,"Alec Ingold 2022","RB","MIA"
2022,"MIA","Braylon Sanders","00-0037355",1,17,17,3,-5.95,1,0.18,-0.35,"Braylon Sanders 2022","WR","MIA"
2022,"MIA","Cedrick Wilson","00-0034418",5,126,136,18,6.9,1.08,0.14,0.05,"Cedrick Wilson 2022","WR","MIA"
2022,"MIA","Chase Edmonds","00-0034681",5,119,96,17,2.46,0.81,0.14,0.02,"Chase Edmonds 2022","RB","DEN"
2022,"MIA","Durham Smythe","00-0034798",5,217,129,20,-0.77,0.59,0.09,0,"Durham Smythe 2022","TE","MIA"
2022,"MIA","Hunter Long","00-0037004",2,27,NA,NA,NA,NA,NA,NA,"Hunter Long 2022","TE","MIA"
2022,"MIA","Jaylen Waddle","00-0036613",2,483,1356,117,76.9,2.81,0.24,0.16,"Jaylen Waddle 2022","WR","MIA"
2022,"MIA","Jeffery Wilson","00-0034115",5,138,94,24,-5.38,0.68,0.17,-0.04,"Jeffery Wilson 2022","RB","MIA"
2022,"MIA","Mike Gesicki","00-0034829",5,347,362,52,2.98,1.04,0.15,0.01,"Mike Gesicki 2022","TE","MIA"
2022,"MIA","Myles Gaskin","00-0035311",4,20,28,6,-4.27,1.4,0.3,-0.21,"Myles Gaskin 2022","RB","MIA"
2022,"MIA","Raheem Mostert","00-0031687",8,296,202,42,1.44,0.68,0.14,0,"Raheem Mostert 2022","RB","MIA"
2022,"MIA","River Cracraft","00-0034054",6,73,102,14,1.46,1.4,0.19,0.02,"River Cracraft 2022","WR","MIA"
2022,"MIA","Salvon Ahmed","00-0036020",3,16,8,1,0.17,0.5,0.06,0.01,"Salvon Ahmed 2022","RB","MIA"
2022,"MIA","Tanner Conner","00-0037348",1,11,0,3,-2.66,0,0.27,-0.24,"Tanner Conner 2022","WR","MIA"
2022,"MIA","Trent Sherfield","00-0034487",5,371,417,51,6.54,1.12,0.14,0.02,"Trent Sherfield 2022","WR","MIA"
2022,"MIA","Tyreek Hill","00-0033040",7,490,1710,170,64.06,3.49,0.35,0.13,"Tyreek Hill 2022","WR","MIA"
2022,"MIN","Adam Thielen","00-0030035",10,621,716,107,11.08,1.15,0.17,0.02,"Adam Thielen 2022","WR","MIN"
2022,"MIN","Alexander Mattison","00-0034972",4,182,91,18,4.29,0.5,0.1,0.02,"Alexander Mattison 2022","RB","MIN"
2022,"MIN","Ben Ellefson","00-0035823",3,18,26,3,0.75,1.44,0.17,0.04,"Ben Ellefson 2022","TE","MIN"
2022,"MIN","C.J. Ham","00-0032918",7,65,86,12,5.69,1.32,0.18,0.09,"C.J. Ham 2022","RB","MIN"
2022,"MIN","Dalvin Cook","00-0033893",6,475,295,56,6.48,0.62,0.12,0.01,"Dalvin Cook 2022","RB","MIN"
2022,"MIN","Irv Smith","00-0034970",4,180,182,36,-4.33,1.01,0.2,-0.02,"Irv Smith 2022","TE","MIN"
2022,"MIN","Jalen Nailor","00-0037291",1,28,179,13,7.7,6.39,0.46,0.27,"Jalen Nailor 2022","WR","MIN"
2022,"MIN","Jalen Reagor","00-0036387",3,50,104,13,-0.14,2.08,0.26,0,"Jalen Reagor 2022","WR","MIN"
2022,"MIN","Johnny Mundt","00-0033246",6,184,140,21,5.4,0.76,0.11,0.03,"Johnny Mundt 2022","TE","MIN"
2022,"MIN","Justin Jefferson","00-0036322",3,635,1809,184,74.32,2.85,0.29,0.12,"Justin Jefferson 2022","WR","MIN"
2022,"MIN","K.J. Osborn","00-0036345",3,547,650,90,21.83,1.19,0.16,0.04,"K.J. Osborn 2022","WR","MIN"
2022,"MIN","Kene Nwangwu","00-0036842",2,9,21,2,1.09,2.33,0.22,0.12,"Kene Nwangwu 2022","RB","MIN"
2022,"MIN","T.J. Hockenson","00-0035229",4,361,519,86,5.2,1.44,0.24,0.01,"T.J. Hockenson 2022","TE","MIN"
2022,"MIN","Ty Chandler","00-0037276",1,6,0,0,0,0,0,0,"Ty Chandler 2022","RB","MIN"
2022,"NE","Damien Harris","00-0035657",4,99,97,23,-5.19,0.98,0.23,-0.05,"Damien Harris 2022","RB","NE"
2022,"NE","DeVante Parker","00-0031547",8,290,539,47,15.65,1.86,0.16,0.05,"DeVante Parker 2022","WR","NE"
2022,"NE","Hunter Henry","00-0033090",7,408,509,59,13.66,1.25,0.14,0.03,"Hunter Henry 2022","TE","NE"
2022,"NE","J.J. Taylor","00-0036096",3,7,8,1,0.89,1.14,0.14,0.13,"J.J. Taylor 2022","RB","NE"
2022,"NE","Jakobi Meyers","00-0034960",4,381,804,96,36.94,2.11,0.25,0.1,"Jakobi Meyers 2022","WR","NE"
2022,"NE","Jonnu Smith","00-0033858",6,178,245,38,0.54,1.38,0.21,0,"Jonnu Smith 2022","TE","NE"
2022,"NE","Kendrick Bourne","00-0033307",6,264,434,48,13.38,1.64,0.18,0.05,"Kendrick Bourne 2022","WR","NE"
2022,"NE","Kevin Harris","00-0037286",1,23,0,0,0,0,0,0,"Kevin Harris 2022","RB","NE"
2022,"NE","Nelson Agholor","00-0031549",8,266,362,53,-12.49,1.36,0.2,-0.05,"Nelson Agholor 2022","WR","NE"
2022,"NE","Pierre Strong","00-0038098",1,26,42,7,1,1.62,0.27,0.04,"Pierre Strong 2022","RB","NE"
2022,"NE","Rhamondre Stevenson","00-0036875",2,378,421,88,-9.88,1.11,0.23,-0.03,"Rhamondre Stevenson 2022","RB","NE"
2022,"NE","Scotty Washington","00-0035769",3,12,NA,NA,NA,NA,NA,NA,"Scotty Washington 2022","TE","NE"
2022,"NE","Ty Montgomery","00-0032200",8,15,15,4,2.18,1,0.27,0.15,"Ty Montgomery 2022","WR","NE"
2022,"NE","Tyquan Thornton","00-0038104",1,294,247,45,-2.89,0.84,0.15,-0.01,"Tyquan Thornton 2022","WR","NE"
2022,"NO","Adam Prentice","00-0036727",2,28,9,3,-0.33,0.32,0.11,-0.01,"Adam Prentice 2022","RB","NO"
2022,"NO","Adam Trautman","00-0036422",3,174,207,22,8.53,1.19,0.13,0.05,"Adam Trautman 2022","TE","NO"
2022,"NO","Alvin Kamara","00-0033906",6,310,490,77,-3.4,1.58,0.25,-0.01,"Alvin Kamara 2022","RB","NO"
2022,"NO","Chris Olave","00-0037239",1,386,1042,119,23.8,2.7,0.31,0.06,"Chris Olave 2022","WR","NO"
2022,"NO","David Johnson","00-0032187",8,33,47,4,4.5,1.42,0.12,0.14,"David Johnson 2022","RB","NO"
2022,"NO","Deonte Harty","00-0035215",4,14,13,2,-1.21,0.93,0.14,-0.09,"Deonte Harty 2022","WR","NO"
2022,"NO","Dwayne Washington","00-0032450",7,12,7,1,0.54,0.58,0.08,0.04,"Dwayne Washington 2022","RB","NO"
2022,"NO","Eno Benjamin","00-0036383",3,6,9,1,-0.77,1.5,0.17,-0.13,"Eno Benjamin 2022","RB","NO"
2022,"NO","J.P. Holtz","00-0032986",7,17,NA,NA,NA,NA,NA,NA,"J.P. Holtz 2022","TE","NO"
2022,"NO","Jarvis Landry","00-0031382",9,183,272,39,-8.79,1.49,0.21,-0.05,"Jarvis Landry 2022","WR","NO"
2022,"NO","Juwan Johnson","00-0036040",3,354,508,65,15.77,1.44,0.18,0.04,"Juwan Johnson 2022","TE","NO"
2022,"NO","Keith Kirkwood","00-0034317",5,65,18,4,-1.64,0.28,0.06,-0.03,"Keith Kirkwood 2022","WR","NO"
2022,"NO","Kevin White","00-0031545",8,65,74,5,2.51,1.14,0.08,0.04,"Kevin White 2022","WR","NO"
2022,"NO","Kirk Merritt","00-0035844",3,6,NA,NA,NA,NA,NA,NA,"Kirk Merritt 2022","WR","NO"
2022,"NO","Latavius Murray","00-0030513",10,13,8,1,0.53,0.62,0.08,0.04,"Latavius Murray 2022","RB","DEN"
2022,"NO","Lucas Krull","00-0037539",1,6,NA,NA,NA,NA,NA,NA,"Lucas Krull 2022","TE","NO"
2022,"NO","Mark Ingram","00-0027966",12,107,68,18,-8.77,0.64,0.17,-0.08,"Mark Ingram 2022","RB","NO"
2022,"NO","Marquez Callaway","00-0036219",3,179,158,32,-6.19,0.88,0.18,-0.03,"Marquez Callaway 2022","WR","NO"
2022,"NO","Michael Thomas","00-0032765",7,90,171,22,16.7,1.9,0.24,0.19,"Michael Thomas 2022","WR","NO"
2022,"NO","Nick Vannett","00-0032394",7,22,13,2,0.21,0.59,0.09,0.01,"Nick Vannett 2022","TE","NYG"
2022,"NO","Rashid Shaheed","00-0037545",1,169,488,34,31.06,2.89,0.2,0.18,"Rashid Shaheed 2022","WR","NO"
2022,"NO","Taysom Hill","00-0033357",6,131,77,13,2.6,0.59,0.1,0.02,"Taysom Hill 2022","TE","NO"
2022,"NO","Tony Jones","00-0035860",3,26,12,2,-0.1,0.46,0.08,0,"Tony Jones 2022","RB","SEA"
2022,"NO","Tre'Quan Smith","00-0034765",5,170,278,27,7.39,1.64,0.16,0.04,"Tre'Quan Smith 2022","WR","NO"
2022,"NYG","Chris Myarick","00-0035345",4,78,65,8,7.24,0.83,0.1,0.09,"Chris Myarick 2022","TE","NYG"
2022,"NYG","Daniel Bellinger","00-0038115",1,247,268,35,9.7,1.09,0.14,0.04,"Daniel Bellinger 2022","TE","NYG"
2022,"NYG","Darius Slayton","00-0035535",4,337,724,71,35.25,2.15,0.21,0.1,"Darius Slayton 2022","WR","NYG"
2022,"NYG","David Sills","00-0035359",4,99,106,17,4.9,1.07,0.17,0.05,"David Sills 2022","WR","NYG"
2022,"NYG","Gary Brightwell","00-0036569",2,44,39,8,1.44,0.89,0.18,0.03,"Gary Brightwell 2022","RB","NYG"
2022,"NYG","Isaiah Hodgins","00-0036165",3,210,351,42,9.16,1.67,0.2,0.04,"Isaiah Hodgins 2022","WR","NYG"
2022,"NYG","Kadarius Toney","00-0036913",2,14,0,3,-1.69,0,0.21,-0.12,"Kadarius Toney 2022","WR","KC"
2022,"NYG","Kenny Golladay","00-0033932",6,131,81,17,-1.76,0.62,0.13,-0.01,"Kenny Golladay 2022","WR","NYG"
2022,"NYG","Lawrence Cager","00-0036145",3,102,118,18,2.55,1.16,0.18,0.02,"Lawrence Cager 2022","TE","NYG"
2022,"NYG","Marcus Johnson","00-0032980",7,160,99,22,-5.17,0.62,0.14,-0.03,"Marcus Johnson 2022","WR","NYG"
2022,"NYG","Matt Breida","00-0033308",6,124,118,25,-1.19,0.95,0.2,-0.01,"Matt Breida 2022","RB","NYG"
2022,"NYG","Nick Vannett","00-0032394",7,65,42,7,1.08,0.65,0.11,0.02,"Nick Vannett 2022","TE","NYG"
2022,"NYG","Richie James","00-0034286",5,292,569,70,24.5,1.95,0.24,0.08,"Richie James 2022","WR","NYG"
2022,"NYG","Saquon Barkley","00-0034844",5,370,338,76,-13.65,0.91,0.21,-0.04,"Saquon Barkley 2022","RB","NYG"
2022,"NYG","Sterling Shepard","00-0032385",7,76,154,24,-3.13,2.03,0.32,-0.04,"Sterling Shepard 2022","WR","NYG"
2022,"NYG","Tanner Hudson","00-0034613",5,137,132,15,2.85,0.96,0.11,0.02,"Tanner Hudson 2022","TE","CIN"
2022,"NYG","Wan'Dale Robinson","00-0038117",1,109,227,31,11.78,2.08,0.28,0.11,"Wan'Dale Robinson 2022","WR","NYG"
2022,"NYJ","Braxton Berrios","00-0034419",5,165,145,32,-9,0.88,0.19,-0.05,"Braxton Berrios 2022","WR","NYJ"
2022,"NYJ","Breece Hall","00-0038120",1,120,218,31,-1.43,1.82,0.26,-0.01,"Breece Hall 2022","RB","NYJ"
2022,"NYJ","C.J. Uzomah","00-0032134",8,231,232,27,11.25,1,0.12,0.05,"C.J. Uzomah 2022","TE","NYJ"
2022,"NYJ","Corey Davis","00-0033871",6,363,536,64,11.82,1.48,0.18,0.03,"Corey Davis 2022","WR","NYJ"
2022,"NYJ","Denzel Mims","00-0036255",3,147,186,25,-2.84,1.27,0.17,-0.02,"Denzel Mims 2022","WR","NYJ"
2022,"NYJ","Elijah Moore","00-0036980",2,453,446,65,1.47,0.98,0.14,0,"Elijah Moore 2022","WR","NYJ"
2022,"NYJ","Garrett Wilson","00-0037740",1,542,1116,146,35.53,2.06,0.27,0.07,"Garrett Wilson 2022","WR","NYJ"
2022,"NYJ","James Robinson","00-0035831",3,22,5,3,-0.18,0.23,0.14,-0.01,"James Robinson 2022","RB","NYJ"
2022,"NYJ","Jeff Smith","00-0035510",4,66,134,11,6.64,2.03,0.17,0.1,"Jeff Smith 2022","WR","NYJ"
2022,"NYJ","Jeremy Ruckert","00-0037805",1,17,8,2,0.05,0.47,0.12,0,"Jeremy Ruckert 2022","TE","NYJ"
2022,"NYJ","Kenny Yeboah","00-0036510",2,7,NA,NA,NA,NA,NA,NA,"Kenny Yeboah 2022","TE","NYJ"
2022,"NYJ","Michael Carter","00-0036924",2,289,288,54,-4.48,1,0.19,-0.02,"Michael Carter 2022","RB","NYJ"
2022,"NYJ","Ty Johnson","00-0035537",4,120,88,24,-11.45,0.73,0.2,-0.1,"Ty Johnson 2022","RB","NYJ"
2022,"NYJ","Tyler Conklin","00-0034270",5,499,552,87,2.42,1.11,0.17,0,"Tyler Conklin 2022","TE","NYJ"
2022,"NYJ","Zonovan Knight","00-0037157",1,83,100,14,4.01,1.2,0.17,0.05,"Zonovan Knight 2022","RB","NYJ"
2022,"PHI","A.J. Brown","00-0035676",4,494,1496,145,55.87,3.03,0.29,0.11,"A.J. Brown 2022","WR","PHI"
2022,"PHI","Boston Scott","00-0034414",5,80,15,6,-3.94,0.19,0.07,-0.05,"Boston Scott 2022","RB","PHI"
2022,"PHI","Dallas Goedert","00-0034351",5,342,702,69,45.19,2.05,0.2,0.13,"Dallas Goedert 2022","TE","PHI"
2022,"PHI","DeVonta Smith","00-0036912",2,516,1196,136,60.64,2.32,0.26,0.12,"DeVonta Smith 2022","WR","PHI"
2022,"PHI","Grant Calcaterra","00-0037086",1,78,81,9,2.08,1.04,0.12,0.03,"Grant Calcaterra 2022","TE","PHI"
2022,"PHI","Jack Stoll","00-0036741",2,208,123,14,7.91,0.59,0.07,0.04,"Jack Stoll 2022","TE","PHI"
2022,"PHI","Kenneth Gainwell","00-0036919",2,184,169,29,-5.37,0.92,0.16,-0.03,"Kenneth Gainwell 2022","RB","PHI"
2022,"PHI","Miles Sanders","00-0035243",4,268,78,26,-11.28,0.29,0.1,-0.04,"Miles Sanders 2022","RB","PHI"
2022,"PHI","Quez Watkins","00-0036271",3,346,354,51,-12.77,1.02,0.15,-0.04,"Quez Watkins 2022","WR","PHI"
2022,"PHI","Tyree Jackson","00-0035356",4,12,NA,NA,NA,NA,NA,NA,"Tyree Jackson 2022","TE","PHI"
2022,"PHI","Zach Pascal","00-0033251",6,140,150,19,0.3,1.07,0.14,0,"Zach Pascal 2022","WR","PHI"
2022,"PIT","Anthony McFarland","00-0036336",3,10,11,2,-0.45,1.1,0.2,-0.05,"Anthony McFarland 2022","RB","PIT"
2022,"PIT","Benny Snell","00-0035217",4,17,17,2,1.56,1,0.12,0.09,"Benny Snell 2022","RB","PIT"
2022,"PIT","Chase Claypool","00-0036326",3,267,311,50,5.6,1.16,0.19,0.02,"Chase Claypool 2022","WR","CHI"
2022,"PIT","Connor Heyward","00-0037304",1,76,151,17,4.05,1.99,0.22,0.05,"Connor Heyward 2022","TE","PIT"
2022,"PIT","Derek Watt","00-0032897",7,17,11,5,1.59,0.65,0.29,0.09,"Derek Watt 2022","RB","PIT"
2022,"PIT","Diontae Johnson","00-0035216",4,548,882,147,-6.91,1.61,0.27,-0.01,"Diontae Johnson 2022","WR","PIT"
2022,"PIT","George Pickens","00-0037247",1,516,801,84,44.3,1.55,0.16,0.09,"George Pickens 2022","WR","PIT"
2022,"PIT","Gunner Olszewski","00-0035645",4,71,53,7,1,0.75,0.1,0.01,"Gunner Olszewski 2022","WR","PIT"
2022,"PIT","Jaylen Warren","00-0037228",1,198,214,33,10.61,1.08,0.17,0.05,"Jaylen Warren 2022","RB","PIT"
2022,"PIT","Miles Boykin","00-0035703",4,24,11,3,-0.88,0.46,0.12,-0.04,"Miles Boykin 2022","WR","PIT"
2022,"PIT","Najee Harris","00-0036893",2,346,229,53,2.45,0.66,0.15,0.01,"Najee Harris 2022","RB","PIT"
2022,"PIT","Pat Freiermuth","00-0036894",2,413,732,98,8.89,1.77,0.24,0.02,"Pat Freiermuth 2022","TE","PIT"
2022,"PIT","Steven Sims","00-0034928",4,138,104,23,-5.79,0.75,0.17,-0.04,"Steven Sims 2022","WR","PIT"
2022,"PIT","Zach Gentry","00-0035222",4,213,132,23,-1.44,0.62,0.11,-0.01,"Zach Gentry 2022","TE","PIT"
2022,"SEA","Cade Johnson","00-0036810",2,27,21,4,-0.39,0.78,0.15,-0.01,"Cade Johnson 2022","WR","SEA"
2022,"SEA","Colby Parkinson","00-0036244",3,207,322,34,10.22,1.56,0.16,0.05,"Colby Parkinson 2022","TE","SEA"
2022,"SEA","D'Wayne Eskridge","00-0036620",2,83,58,13,-1.96,0.7,0.16,-0.02,"D'Wayne Eskridge 2022","WR","SEA"
2022,"SEA","DK Metcalf","00-0035640",4,510,1048,141,8,2.05,0.28,0.02,"DK Metcalf 2022","WR","SEA"
2022,"SEA","Dareke Young","00-0037093",1,28,24,2,2.09,0.86,0.07,0.07,"Dareke Young 2022","WR","SEA"
2022,"SEA","DeeJay Dallas","00-0036425",3,123,126,19,0.11,1.02,0.15,0,"DeeJay Dallas 2022","RB","SEA"
2022,"SEA","Kenneth Walker","00-0038134",1,259,165,35,-11.96,0.64,0.14,-0.05,"Kenneth Walker 2022","RB","SEA"
2022,"SEA","Laquon Treadwell","00-0032951",7,64,42,10,-3.1,0.66,0.16,-0.05,"Laquon Treadwell 2022","WR","SEA"
2022,"SEA","Marquise Goodwin","00-0030068",10,266,387,42,20.9,1.45,0.16,0.08,"Marquise Goodwin 2022","WR","SEA"
2022,"SEA","Noah Fant","00-0035644",4,333,486,63,19.09,1.46,0.19,0.06,"Noah Fant 2022","TE","SEA"
2022,"SEA","Penny Hart","00-0035022",4,19,20,4,-0.88,1.05,0.21,-0.05,"Penny Hart 2022","WR","SEA"
2022,"SEA","Rashaad Penny","00-0034750",5,86,16,5,1.07,0.19,0.06,0.01,"Rashaad Penny 2022","RB","SEA"
2022,"SEA","Tony Jones","00-0035860",3,17,18,6,-5.41,1.06,0.35,-0.32,"Tony Jones 2022","RB","SEA"
2022,"SEA","Travis Homer","00-0035594",4,107,157,18,-5.41,1.47,0.17,-0.05,"Travis Homer 2022","RB","SEA"
2022,"SEA","Tyler Lockett","00-0032211",8,467,1033,117,38.25,2.21,0.25,0.08,"Tyler Lockett 2022","WR","SEA"
2022,"SEA","Will Dissly","00-0034159",5,265,349,38,26.39,1.32,0.14,0.1,"Will Dissly 2022","TE","SEA"
2022,"SF","Brandon Aiyuk","00-0036261",3,486,1015,114,41.96,2.09,0.23,0.09,"Brandon Aiyuk 2022","WR","SF"
2022,"SF","Charlie Woerner","00-0036429",3,46,0,2,-1.42,0,0.04,-0.03,"Charlie Woerner 2022","TE","SF"
2022,"SF","Christian McCaffrey","00-0033280",6,257,464,65,23.54,1.81,0.25,0.09,"Christian McCaffrey 2022","RB","SF"
2022,"SF","Danny Gray","00-0037828",1,28,10,7,-2.95,0.36,0.25,-0.11,"Danny Gray 2022","WR","SF"
2022,"SF","Deebo Samuel","00-0035719",4,345,632,94,8.94,1.83,0.27,0.03,"Deebo Samuel 2022","WR","SF"
2022,"SF","Elijah Mitchell","00-0036567",2,21,7,4,-2.01,0.33,0.19,-0.1,"Elijah Mitchell 2022","RB","SF"
2022,"SF","George Kittle","00-0033288",6,437,765,86,39.61,1.75,0.2,0.09,"George Kittle 2022","TE","SF"
2022,"SF","Jauan Jennings","00-0036259",3,280,416,56,13.96,1.49,0.2,0.05,"Jauan Jennings 2022","WR","SF"
2022,"SF","Jeffery Wilson","00-0034115",5,120,91,13,-3.36,0.76,0.11,-0.03,"Jeffery Wilson 2022","RB","MIA"
2022,"SF","Jordan Mason","00-0037525",1,10,0,0,0,0,0,0,"Jordan Mason 2022","RB","SF"
2022,"SF","Kyle Juszczyk","00-0029892",10,212,200,23,6.57,0.94,0.11,0.03,"Kyle Juszczyk 2022","RB","SF"
2022,"SF","Ray-Ray McCloud","00-0034407",5,154,243,25,12.39,1.58,0.16,0.08,"Ray-Ray McCloud 2022","WR","SF"
2022,"SF","Ross Dwelley","00-0034073",5,44,105,5,8.34,2.39,0.11,0.19,"Ross Dwelley 2022","TE","SF"
2022,"SF","Tevin Coleman","00-0032058",8,16,44,3,5.23,2.75,0.19,0.33,"Tevin Coleman 2022","RB","SF"
2022,"SF","Tyler Kroft","00-0032214",8,62,57,5,2.72,0.92,0.08,0.04,"Tyler Kroft 2022","TE","SF"
2022,"SF","Tyrion Davis-Price","00-0037827",1,26,0,2,-0.93,0,0.08,-0.04,"Tyrion Davis-Price 2022","RB","SF"
2022,"SF","Willie Snead","00-0030663",9,15,NA,NA,NA,NA,NA,NA,"Willie Snead 2022","WR","SF"
2022,"TB","Breshad Perriman","00-0032054",8,135,110,19,-2.43,0.81,0.14,-0.02,"Breshad Perriman 2022","WR","TB"
2022,"TB","Cade Otton","00-0038129",1,479,391,65,4.97,0.82,0.14,0.01,"Cade Otton 2022","TE","TB"
2022,"TB","Cameron Brate","00-0031273",9,234,174,38,-11.74,0.74,0.16,-0.05,"Cameron Brate 2022","TE","TB"
2022,"TB","Chris Godwin","00-0033921",6,562,1023,142,30.64,1.82,0.25,0.05,"Chris Godwin 2022","WR","TB"
2022,"TB","Cole Beasley","00-0029000",11,8,17,5,-0.56,2.12,0.62,-0.07,"Cole Beasley 2022","WR","BUF"
2022,"TB","Deven Thompkins","00-0037487",1,39,32,10,-5.98,0.82,0.26,-0.15,"Deven Thompkins 2022","WR","TB"
2022,"TB","Giovani Bernard","00-0030456",10,17,-1,2,-2.14,-0.06,0.12,-0.13,"Giovani Bernard 2022","RB","TB"
2022,"TB","Jaelon Darden","00-0036877",2,37,26,2,0.86,0.7,0.05,0.02,"Jaelon Darden 2022","WR","CLE"
2022,"TB","Julio Jones","00-0027944",12,238,299,43,7.49,1.26,0.18,0.03,"Julio Jones 2022","WR","TB"
2022,"TB","Ke'Shawn Vaughn","00-0036450",3,17,19,4,-0.37,1.12,0.24,-0.02,"Ke'Shawn Vaughn 2022","RB","TB"
2022,"TB","Ko Kieft","00-0037311",1,86,80,10,4.62,0.93,0.12,0.05,"Ko Kieft 2022","TE","TB"
2022,"TB","Kyle Rudolph","00-0027981",12,41,28,5,1.94,0.68,0.12,0.05,"Kyle Rudolph 2022","TE","TB"
2022,"TB","Leonard Fournette","00-0033856",6,430,523,83,13.68,1.22,0.19,0.03,"Leonard Fournette 2022","RB","TB"
2022,"TB","Mike Evans","00-0031408",9,605,1124,127,27.04,1.86,0.21,0.04,"Mike Evans 2022","WR","TB"
2022,"TB","Rachaad White","00-0037256",1,291,290,58,6.97,1,0.2,0.02,"Rachaad White 2022","RB","TB"
2022,"TB","Russell Gage","00-0034411",5,359,426,70,20.4,1.19,0.19,0.06,"Russell Gage 2022","WR","TB"
2022,"TB","Scott Miller","00-0035298",4,180,185,40,0.71,1.03,0.22,0,"Scott Miller 2022","WR","TB"
2022,"TEN","Austin Hooper","00-0032392",7,288,444,60,26.15,1.54,0.21,0.09,"Austin Hooper 2022","TE","TEN"
2022,"TEN","C.J. Board","00-0033367",6,8,6,1,0.21,0.75,0.12,0.03,"C.J. Board 2022","WR","TEN"
2022,"TEN","Chigoziem Okonkwo","00-0037809",1,158,450,46,22.78,2.85,0.29,0.14,"Chigoziem Okonkwo 2022","TE","TEN"
2022,"TEN","Chris Conley","00-0032128",8,47,46,5,2.5,0.98,0.11,0.05,"Chris Conley 2022","WR","TEN"
2022,"TEN","Cody Hollister","00-0033386",6,39,54,5,-4.38,1.38,0.13,-0.11,"Cody Hollister 2022","WR","TEN"
2022,"TEN","Derrick Henry","00-0032764",7,215,398,41,14.12,1.85,0.19,0.07,"Derrick Henry 2022","RB","TEN"
2022,"TEN","Dontrell Hilliard","00-0034253",5,124,177,26,5.73,1.43,0.21,0.05,"Dontrell Hilliard 2022","RB","TEN"
2022,"TEN","Geoff Swaim","00-0032141",8,157,58,16,-1.83,0.37,0.1,-0.01,"Geoff Swaim 2022","TE","TEN"
2022,"TEN","Hassan Haskins","00-0037617",1,96,57,12,-3.64,0.59,0.12,-0.04,"Hassan Haskins 2022","RB","TEN"
2022,"TEN","Julius Chestnut","00-0037594",1,19,41,3,0.78,2.16,0.16,0.04,"Julius Chestnut 2022","RB","TEN"
2022,"TEN","Kevin Rader","00-0034193",5,23,NA,NA,NA,NA,NA,NA,"Kevin Rader 2022","TE","TEN"
2022,"TEN","Kyle Philips","00-0037273",1,41,78,13,-1.94,1.9,0.32,-0.05,"Kyle Philips 2022","WR","TEN"
2022,"TEN","Mason Kinsey","00-0036176",3,7,3,1,0,0.43,0.14,0,"Mason Kinsey 2022","WR","TEN"
2022,"TEN","Nick Westbrook-Ikhine","00-0036182",3,358,397,50,2.52,1.11,0.14,0.01,"Nick Westbrook-Ikhine 2022","WR","TEN"
2022,"TEN","Racey McMath","00-0036652",2,40,40,8,-5.56,1,0.2,-0.14,"Racey McMath 2022","WR","TEN"
2022,"TEN","Robert Woods","00-0030431",10,397,527,91,8.95,1.33,0.23,0.02,"Robert Woods 2022","WR","TEN"
2022,"TEN","Treylon Burks","00-0037742",1,227,444,54,3.9,1.96,0.24,0.02,"Treylon Burks 2022","WR","TEN"
2022,"WAS","Antonio Gibson","00-0036328",3,246,353,58,3.04,1.43,0.24,0.01,"Antonio Gibson 2022","RB","WAS"
2022,"WAS","Armani Rogers","00-0037168",1,55,64,6,3.62,1.16,0.11,0.07,"Armani Rogers 2022","TE","WAS"
2022,"WAS","Brian Robinson","00-0037746",1,94,60,12,-2.06,0.64,0.13,-0.02,"Brian Robinson 2022","RB","WAS"
2022,"WAS","Cam Sims","00-0034104",5,160,89,18,-8.6,0.56,0.11,-0.05,"Cam Sims 2022","WR","WAS"
2022,"WAS","Cole Turner","00-0037078",1,80,23,9,-6.75,0.29,0.11,-0.08,"Cole Turner 2022","TE","WAS"
2022,"WAS","Curtis Samuel","00-0033282",6,456,656,92,25.68,1.44,0.2,0.06,"Curtis Samuel 2022","WR","WAS"
2022,"WAS","Dax Milne","00-0036671",2,32,37,7,2.49,1.16,0.22,0.08,"Dax Milne 2022","WR","WAS"
2022,"WAS","Dyami Brown","00-0036626",2,73,143,14,4.95,1.96,0.19,0.07,"Dyami Brown 2022","WR","WAS"
2022,"WAS","J.D. McKissic","00-0032602",7,156,173,40,-17.9,1.11,0.26,-0.11,"J.D. McKissic 2022","RB","WAS"
2022,"WAS","Jahan Dotson","00-0037741",1,334,523,61,21.77,1.57,0.18,0.07,"Jahan Dotson 2022","WR","WAS"
2022,"WAS","Jaret Patterson","00-0036755",2,8,0,1,-0.79,0,0.12,-0.1,"Jaret Patterson 2022","RB","WAS"
2022,"WAS","John Bates","00-0036628",2,175,108,22,-2.85,0.62,0.13,-0.02,"John Bates 2022","TE","WAS"
2022,"WAS","Jonathan Williams","00-0032975",7,53,40,10,-2.87,0.75,0.19,-0.05,"Jonathan Williams 2022","RB","WAS"
2022,"WAS","Logan Thomas","00-0031260",9,353,323,61,-8.53,0.92,0.17,-0.02,"Logan Thomas 2022","TE","WAS"
2022,"WAS","Terry McLaurin","00-0035659",4,514,1191,120,48.66,2.32,0.23,0.09,"Terry McLaurin 2022","WR","WAS"
